"geocode","lon","lat"
3500105,-51.0733647495818,-21.68831148
3500204,-49.6497214255596,-21.2327297773479
3500303,-46.9796931092697,-22.059684
3500402,-46.7167667096261,-21.934829
3500501,-46.6317788359221,-22.4738220361707
3500550,-49.2386077671316,-22.8691494094249
3500600,-47.8839747409776,-22.5973395538539
3500709,-48.9901562879424,-22.474037
3500758,-47.8935883872335,-23.5538988926705
3500808,-51.4129380665063,-21.9527411236001
3500907,-49.0601107542409,-20.5233048816039
3501004,-47.3732802928901,-21.0245826445728
3501103,-50.1635967960874,-21.5816894572053
3501152,-47.2590569184703,-23.5333730478469
3501202,-49.9111848124899,-20.3198762474474
3501301,-51.4687972730125,-22.077778995
3501400,-49.720609020316,-22.0763746340433
3501509,-49.7630330293599,-22.4450101515788
3501608,-47.3303629263814,-22.7408835
3501707,-48.1066045618439,-21.7300365
3501806,-49.7270268374496,-20.2964019435983
3501905,-46.7650856904636,-22.6993886263406
3502002,-47.6607664159226,-22.1287854993409
3502101,-51.3788477947637,-20.901463515
3502200,-48.4067596164929,-23.483987
3502309,-48.126926830643,-22.786320939625
3502408,-51.386074423278,-22.2932371758311
3502507,-45.2294293380918,-22.848154
3502606,-50.8856157061663,-20.4508453725492
3502705,-48.8486599046398,-24.513316
3502754,-47.0715476361902,-23.4300408481692
3502804,-50.4392260727526,-21.205476
3502903,-47.5872429386271,-23.5073197972186
3503000,-47.7860130410377,-20.089944207125
3503109,-49.0509758715374,-23.1334071156444
3503158,-44.4481065567943,-22.6747987232724
3503208,-48.1744399375437,-21.7903595
3503307,-47.3858295274694,-22.3570865196587
3503356,-50.4649108682641,-21.7739140250211
3503406,-48.9204148013706,-22.0247674993087
3503505,-44.6994320050904,-22.5821938858719
3503604,-48.6655945584846,-22.6739404491645
3503703,-48.7883365641079,-21.1861274429158
3503802,-47.1643011502677,-22.5713430104766
3503901,-46.3204896001138,-23.3958267409999
3503950,-50.7269626714191,-20.158189985895
3504008,-50.41751004,-22.66283502
3504107,-46.5550625006743,-23.116308
3504206,-50.5539593332148,-20.6873348994576
3504305,-49.3368150411834,-22.1567721162872
3504404,-49.9426973011876,-21.4608705607152
3504503,-48.9232631943566,-23.1031935
3504602,-49.4485737092931,-20.9185637795998
3504701,-49.3564734994135,-21.9015237820311
3504800,-49.5793276900247,-20.7382637781816
3504909,-44.3233301289908,-22.6826159993241
3505005,-49.5660638969023,-23.6271105197246
3505104,-49.9539885165489,-21.2590259219707
3505203,-48.7415247712398,-22.071978
3505302,-48.5632292275694,-22.4911455
3505351,-49.0271391368038,-24.4714259992879
3505401,-48.5023434527708,-24.7593866560173
3505500,-48.567377839455,-20.558455515
3505609,-48.1628135185261,-21.1917435
3505708,-46.8746528865305,-23.508902
3505807,-50.7348708618954,-21.92103747
3505906,-47.5861067268683,-20.8919295
3506003,-49.0830008670903,-22.3251225
3506102,-48.4773621747017,-20.94981552
3506201,-50.8118522148056,-21.2691080212023
3506300,-49.4740434846817,-23.0135530040031
3506359,-46.1365383351346,-23.8540145
3506409,-50.4811104805001,-21.4025711351917
3506508,-50.3393285169869,-21.2923922882494
3506607,-46.0412122248146,-23.5710333874999
3506706,-48.3905969069851,-21.9924841634404
3506805,-48.5204936243825,-22.1339225456857
3506904,-48.2600330588198,-23.1025199999814
3507001,-47.6714734979741,-23.2819440034999
3507100,-46.4664928426291,-23.1308374287388
3507159,-49.1437619226039,-24.3182628407156
3507209,-50.5448809992209,-22.2701171066813
3507308,-48.7792182831576,-22.1932056543657
3507407,-49.072640247934,-21.6215379942474
3507456,-48.9715958405052,-22.5678331168654
3507506,-48.4412893843504,-22.8883815
3507605,-46.5423333739798,-22.9568955
3507704,-50.3181656103263,-21.5010212084554
3507753,-50.187258508288,-21.166128499364
3507803,-47.6563979568538,-20.9901403801924
3507902,-48.1268333241156,-22.286516985
3508009,-48.5974149737978,-23.7993814189726
3508108,-50.1492812527853,-21.0670395669021
3508207,-47.7088600395175,-20.1931482216385
3508306,-49.3324468331431,-22.4550869581335
3508405,-47.1336583734349,-23.3126743947758
3508504,-45.7077303650875,-23.1006637527089
3508603,-45.0106304149283,-22.6647543761423
3508702,-46.6468348789643,-21.5287380374974
3508801,-49.6003544059215,-21.8097052866096
3508900,-51.2359531354811,-22.0123252565933
3509007,-46.7441014176654,-23.3621160547412
3509106,-51.9868926967255,-21.8299102733969
3509205,-46.8829201465695,-23.360971384728
3509254,-48.1049998090052,-24.726360972223
3509304,-48.8101223647094,-20.8790925178628
3509403,-47.3042661167969,-21.2747175
3509452,-48.4803990199383,-23.5840768383134
3509502,-47.0601562729731,-22.9073425
3509601,-46.7638192327891,-23.2093964295223
3509700,-45.5892017004491,-22.7400919138812
3509809,-50.0017947248853,-22.5997489993283
3509908,-47.9284828144297,-25.0169080699809
3509957,-45.056975740535,-22.69066906604
3510005,-50.3883931717685,-22.7469255
3510104,-48.634039310838,-21.3226135828498
3510153,-49.7854319545023,-23.0098372187953
3510203,-48.3514345179275,-24.00680097
3510302,-47.7361184436442,-23.4699029552539
3510401,-47.5022061546687,-22.9995489145883
3510500,-45.4108183822498,-23.6220065
3510609,-46.8414454319096,-23.5352495
3510708,-49.9149423028903,-20.0809915099978
3510807,-47.0797582048271,-21.77798699
3510906,-47.1671058770489,-21.2850004285294
3511003,-51.4894070558423,-20.872026554121
3511102,-48.9758709390428,-21.1395385
3511201,-49.0577421525082,-21.0485799993669
3511300,-49.272841545891,-20.9042319222865
3511409,-49.1653301708879,-23.0347974993199
3511508,-47.7375313251079,-23.1686725
3511607,-47.9521106553903,-23.2247318358774
3511706,-47.7757002034567,-22.5088824120687
3511904,-50.4503486921566,-21.5603100367993
3512001,-48.5397383290134,-20.7187344993776
3512100,-48.6874841798296,-20.1715588433353
3512209,-47.1743757425524,-22.3300764479999
3512308,-48.0098921336448,-23.012958080649
3512407,-47.4582829254001,-22.481707032329
3512506,-50.2872958479117,-21.3540528502723
3512605,-49.3189123964155,-23.6322349818013
3512704,-47.6266101304082,-22.2189967501708
3512803,-47.1967707767946,-22.6457848858526
3512902,-49.7788596931171,-20.477034658871
3513009,-46.9318463278886,-23.603514
3513108,-47.730042348128,-21.3404305
3513207,-47.4238064520508,-20.4024919993924
3513306,-50.7936661595576,-22.7454989289789
3513405,-44.9617319605967,-22.577749880422
3513504,-46.4200317682745,-23.883839
3513603,-44.958026903498,-23.0747501474065
3513702,-47.6206639718592,-21.909083
3513801,-46.623381393203,-23.689295
3513850,-50.6060559888331,-20.4644127943002
3513900,-46.7368697867924,-21.6616215060365
3514007,-48.4002427192517,-21.5148043304059
3514106,-48.3826759875355,-22.367316
3514205,-50.5153630840245,-20.1228706610567
3514304,-48.3162358063433,-22.1131671963671
3514403,-51.5340496600627,-21.486137535
3514502,-49.405045410633,-22.4148813758077
3514601,-47.9708434494443,-21.2333259993623
3514700,-50.2070061462144,-22.424996999334
3514809,-48.103228422535,-24.525386611147
3514908,-47.3767742396416,-23.0425367211808
3514924,-49.1108358902026,-21.1644290184892
3514957,-48.8326202921458,-20.9826680548747
3515004,-46.8508599936736,-23.6473125
3515103,-46.8171088725496,-23.8318291037712
3515129,-51.4804314280505,-21.8313089781001
3515152,-47.2130797305393,-22.4911899524775
3515186,-46.7455142898696,-22.1970535
3515194,-49.4298252858159,-22.6949734920695
3515202,-50.4054668479512,-20.2860822039747
3515301,-51.6641761909517,-22.4905989019911
3515350,-52.5908983802766,-22.5549969202084
3515400,-49.5120533766983,-23.3889609139385
3515509,-50.2487484305834,-20.28238299
3515608,-48.6922730531942,-21.2671219899524
3515657,-49.5198412111563,-22.3591383191477
3515707,-46.3665526715742,-23.5415445
3515806,-51.3823008410719,-21.6767339356143
3515905,-50.1456890086828,-20.6740312279254
3516002,-51.1688764668277,-21.6134276151641
3516101,-50.7248224733799,-22.903568778762
3516200,-47.4023316256775,-20.536097
3516309,-46.7325267047053,-23.2758255
3516408,-46.7278746685526,-23.3203025
3516507,-50.5554608419398,-21.5289801353128
3516606,-49.55211132983,-22.294019248259
3516705,-49.656529935058,-22.21070949
3516804,-50.1902197322049,-20.7952394993746
3516853,-48.4954592027481,-21.8403669022702
3516903,-50.3618137021237,-20.648369316722
3517000,-49.929283572294,-21.79983059746
3517109,-50.208416728114,-21.3797778057065
3517208,-49.7987616909618,-21.622142999353
3517307,-49.8971777502378,-21.91092065892
3517406,-48.314470490026,-20.320144335
3517505,-49.2191458577245,-20.7964486248652
3517604,-48.5276813218495,-24.1825265
3517703,-47.8245929501746,-20.4275570617021
3517802,-51.2091063449954,-21.0328813875825
3517901,-48.9445025950499,-20.4988092128935
3518008,-50.3415338816928,-20.0757055718498
3518107,-49.5948218473783,-21.8951462014727
3518206,-50.6426390482505,-21.253446495
3518305,-46.0410534647581,-23.415233019833
3518404,-45.1916001284201,-22.8174250893317
3518503,-48.1845381753097,-23.3731401917663
3518602,-48.2340567272232,-21.357996
3518701,-46.2490342794416,-23.995149
3518800,-46.5310840856611,-23.468506
3518859,-48.0377293574989,-21.4918946535898
3518909,-50.6614595041436,-20.6501686872551
3519006,-50.3855215980828,-22.0037471806678
3519055,-47.0592869062413,-22.6417496242127
3519071,-47.2210966097575,-22.858395
3519105,-49.0169299189126,-21.8919776026997
3519204,-50.6891999323707,-21.8550610868608
3519253,-49.1561791517071,-22.8718922795928
3519303,-48.0023882086524,-21.955602
3519402,-49.238861531251,-21.0805374993661
3519501,-50.07912539457,-22.8145429597086
3519600,-48.8276946930001,-21.7570829843498
3519709,-47.2204911874898,-23.6526325
3519808,-49.1961201914742,-20.3435051210596
3519907,-51.0774138909334,-22.6631014713253
3520004,-48.5570661013871,-22.511149
3520103,-47.7510665713129,-20.039612535
3520202,-46.1563144239377,-23.204843
3520301,-47.5531374088175,-24.7069541964258
3520400,-45.3540566669409,-23.7886525
3520426,-47.5543169659299,-24.7392399403978
3520442,-51.344890657635,-20.4293725
3520509,-47.2123089402514,-23.081646
3520608,-51.2517585134202,-22.1720934486803
3520707,-50.288981041994,-19.9775429993934
3520806,-50.9643748939952,-21.7699119903206
3520905,-49.6268069783117,-23.0529129993195
3521002,-47.6898938935446,-23.3502773902979
3521101,-47.7190959711091,-22.4372995021948
3521150,-49.3881423816844,-20.661645528879
3521200,-48.5896007140876,-24.5844601782769
3521309,-48.0173850385104,-20.4414826010419
3521408,-47.5222466341716,-22.5830369342824
3521507,-49.4081517822264,-21.276437176419
3521606,-51.3501727308157,-21.5674762352993
3521705,-49.1371332858525,-23.8598114700688
3521804,-49.0810322484854,-23.419055385
3521903,-49.0543110797985,-21.3157070587079
3522000,-48.8050217362656,-21.9846724207757
3522109,-46.7909914828787,-24.1861206668327
3522158,-48.8428556815305,-24.642594234804
3522208,-46.8505519668521,-23.715357
3522307,-48.0461428954547,-23.5878725
3522406,-48.8773891590653,-23.9834379992986
3522505,-46.933372863488,-23.546934
3522604,-46.8212480111337,-22.4360054993337
3522653,-49.1721656552808,-24.5715534992858
3522703,-48.8133919855384,-21.5947039943537
3522802,-49.4843963120809,-23.7034999431633
3522901,-48.7188741595351,-22.2321276250437
3523008,-51.5099693695097,-20.6398257755739
3523107,-46.3516031409654,-23.4768975
3523206,-49.3361197139294,-24.11213796
3523305,-47.1757260565554,-24.292005633897
3523404,-46.8375578529412,-23.0048529993206
3523503,-48.6133802692841,-23.1042734016774
3523602,-47.8198848666073,-22.2539679738051
3523701,-47.2199528848551,-20.6424265297474
3523800,-46.9734186541802,-21.7349018191477
3523909,-47.299749835961,-23.2654425
3524006,-47.0557011520917,-23.1534096261863
3524105,-47.780415655389,-20.3362879658708
3524204,-48.4134449206286,-20.6872244993757
3524303,-48.3203497512575,-21.2544714993618
3524402,-45.9695932044093,-23.3048804993137
3524501,-49.5733446115317,-20.8840851331178
3524600,-48.0047045115401,-24.6981502809578
3524709,-46.9823434662879,-22.7067819581976
3524808,-50.5503561990427,-20.2678530475
3524907,-45.6936551245799,-23.2565768668366
3525003,-46.9052211417411,-23.529939
3525102,-47.7653529285234,-21.022457
3525201,-46.7382709354058,-23.1030625
3525300,-48.5581413878331,-22.29579099
3525409,-47.58874391657,-20.3120415892929
3525508,-46.2734166101367,-22.9306782182056
3525607,-50.768535308414,-22.2510460550787
3525706,-49.6862827160333,-21.053719035
3525805,-49.7907942837747,-22.0131689993437
3525854,-47.7981735119048,-23.0825599993188
3525904,-46.8852739679967,-23.187668
3526001,-51.434011950549,-21.511275749681
3526100,-47.6353419676622,-24.3207030789726
3526209,-47.0815940722918,-23.9356892015078
3526308,-45.1908108204329,-23.0869213514864
3526407,-47.8337807102663,-23.0540116065371
3526506,-51.0405016570685,-21.1648565654735
3526605,-44.8931102793871,-22.570096474153
3526704,-47.3887079696148,-22.185436005
3526803,-48.7986819724573,-22.597507
3526902,-47.4019395233102,-22.562194
3527009,-46.6614836163087,-22.5204881921691
3527108,-49.7514233866855,-21.6723465
3527207,-45.1242481441632,-22.7316930326296
3527256,-50.226660095996,-20.9653905383037
3527306,-46.9464402180487,-23.0867785
3527405,-51.0183491422409,-21.7234156460379
3527504,-49.5231791244614,-22.4316399993338
3527603,-47.7002799448476,-21.5517065252372
3527702,-50.3276394896385,-21.673602964563
3527801,-49.8203246999438,-22.4138153922327
3527900,-50.3893271158818,-22.3434442872082
3528007,-48.7114053869681,-22.5055496288439
3528106,-49.9634978203421,-20.8013135395633
3528205,-50.197628484224,-20.1499979846925
3528304,-50.2275370471089,-20.6434813110551
3528403,-47.1844826262497,-23.5474579999999
3528502,-46.5901958731419,-23.3224593829704
3528601,-49.3181131205831,-23.0033460898635
3528700,-51.9684674847115,-22.1103314993413
3528809,-50.6689682495018,-22.6104153367619
3528858,-49.1400008102662,-21.2587619255663
3528908,-51.1828975550503,-21.7944933664673
3529005,-49.9516456431033,-22.214933
3529104,-50.8256772948301,-20.4393989125252
3529203,-51.1707680574885,-22.147832475
3529302,-48.3677476993662,-21.6029945062726
3529401,-46.4582620121646,-23.6693345
3529500,-49.5820189988673,-21.1801561723045
3529609,-50.1818318399051,-20.3541099031674
3529658,-50.622080265368,-19.9670371030093
3529708,-48.0293341827145,-20.1771292325793
3529807,-48.4518023092831,-22.4116968007708
3529906,-47.4571039991088,-24.283929465376
3530003,-50.138427196428,-19.9805160524126
3530102,-51.1056403917537,-21.132086985
3530201,-51.905794305935,-22.2905585944723
3530300,-49.5121392179273,-20.8170045
3530409,-49.4655198425085,-20.616857219804
3530508,-47.0071709787367,-21.46899051
3530607,-46.1967600843265,-23.5227065
3530706,-46.9444740881491,-22.3657201895116
3530805,-46.9563671265789,-22.4326955
3530904,-47.5675240048384,-22.9268278834077
3531001,-50.0963061315458,-20.8503257037728
3531100,-46.619992725371,-24.0941161449999
3531209,-46.6811943005087,-22.6811286598593
3531308,-48.496651259966,-21.263863995
3531407,-49.7141161614286,-20.7721401375947
3531506,-48.642971283281,-20.9038412258906
3531605,-51.5654932487094,-21.2989594492625
3531704,-45.848151984965,-22.9550105791511
3531803,-47.3132692483363,-22.945521999322
3531902,-48.0575938253217,-20.7326629993746
3532009,-46.7913443945838,-22.8810309326944
3532058,-48.1506612543948,-21.5076094411899
3532108,-51.2771381855098,-20.99429808926
3532157,-51.2385874975948,-22.6201175825202
3532207,-51.5242398508102,-22.4042831999048
3532306,-45.4464004707244,-23.3757869833587
3532405,-46.4025902149896,-23.1786958110045
3532504,-49.6304748513402,-20.8439161558274
3532603,-50.0402744955428,-20.6948234993756
3532702,-49.7808986510894,-20.9139024276169
3532801,-49.5071383479432,-21.0137347171998
3532827,-48.9057384790491,-24.1232104179112
3532843,-50.9480524385273,-20.3868950260488
3532868,-50.3439061761777,-20.7656546201048
3532900,-48.5621404276762,-21.7789228838555
3533007,-49.3200928761116,-20.5331539993796
3533106,-51.6498328903568,-21.32993714117
3533205,-51.4904465280516,-21.1045420014555
3533254,-48.9170637096957,-20.9903581964182
3533304,-50.2658273722874,-20.8566109993715
3533403,-47.2936346144047,-22.782794660913
3533502,-49.221749533677,-21.4684749893567
3533601,-47.7491054639032,-20.7339997347711
3533700,-49.9273728303605,-22.4388604479489
3533809,-49.3409507526023,-22.9445847774897
3533908,-48.9134917257694,-20.737283985
3534005,-49.2992147942623,-20.6127221201493
3534104,-50.0935854636602,-22.148599411827
3534203,-49.3518184809986,-20.1801967430367
3534302,-47.8863838221278,-20.720421495
3534401,-46.7888101442714,-23.533612
3534500,-50.2841261658479,-22.3178820548999
3534609,-50.8731391102634,-21.7970835
3534708,-49.868579835937,-22.9772675
3534757,-50.377584652198,-19.9955921069967
3534807,-51.6993207216788,-21.4911659171055
3534906,-51.2652015199323,-21.5600784993545
3535002,-49.4337823999184,-20.3905874702698
3535101,-48.8012846265372,-21.0824706914011
3535200,-50.7659878049467,-20.4162173246964
3535309,-50.2187909877223,-22.785592
3535408,-51.8565741615377,-21.360183557941
3535507,-50.5750285304782,-22.41771102
3535606,-45.6628640605501,-23.3862615659285
3535705,-48.7725289127498,-21.0157929993515
3535804,-48.7236769841271,-23.386927999312
3535903,-50.5867189179954,-20.0998059524588
3536000,-50.7938438430624,-21.7798391437891
3536109,-48.3728766836555,-23.0803183239365
3536208,-47.8799976028944,-24.7125466309581
3536257,-50.0126178308369,-20.3021911754183
3536307,-47.2830600903002,-20.6411534023077
3536406,-51.8471399509411,-21.3092755579826
3536505,-47.1543858009695,-22.7599216999999
3536570,-49.3990383461375,-22.57430074801
3536604,-49.3995518863825,-20.0293000277993
3536703,-48.7796809636212,-22.3554915
3536802,-46.4420309473291,-22.7913843518599
3536901,-50.1123902828971,-20.2476466672453
3537008,-47.4817949691207,-20.2568709993865
3537107,-46.8978020902907,-22.743771
3537156,-50.7921656554569,-22.811215213632
3537206,-47.2290763497417,-24.2728006735454
3537305,-50.0730362750292,-21.418383015
3537404,-51.1066610199469,-20.636668999377
3537503,-47.9678667729849,-23.0728523359407
3537602,-46.9973018645123,-24.3195088839999
3537701,-50.5994257172223,-21.5953916792139
3537800,-47.418015150931,-23.7142022229999
3537909,-47.7155077158385,-23.814612
3538006,-45.4620488462304,-22.9266687258988
3538105,-48.9056375352936,-21.1859884885525
3538204,-46.5905773189316,-22.7807960685162
3538303,-51.7316269037642,-21.8849896988148
3538501,-45.1835694244977,-22.61116688518
3538600,-46.3587552004696,-23.050499
3538709,-47.6468462361582,-22.723722
3538808,-49.3839744896606,-23.192991495
3538907,-49.4566424333696,-21.993447
3539004,-48.6698419325618,-21.0996316625997
3539103,-47.0009675687449,-23.3975233079019
3539202,-51.4995842900895,-22.276675485
3539301,-47.4251728816539,-21.994049295
3539400,-49.1372522167908,-22.4120659448211
3539509,-48.222265751502,-21.0109994993678
3539608,-49.9257197992089,-21.0323282024965
3539707,-50.208934535832,-22.6334572583337
3539806,-46.3462203886586,-23.5286265676615
3539905,-49.8138949066774,-20.7858577505802
3540002,-50.176028054853,-22.1061456540783
3540101,-49.3608700748926,-21.7361764725485
3540200,-48.0378373025419,-21.02571
3540259,-50.524602015676,-20.4408338429438
3540309,-49.7035523558339,-20.1823631062096
3540408,-50.5368531154366,-19.9443331306977
3540507,-48.1267674358001,-23.1753874993167
3540606,-47.5245965730656,-23.2144122679999
3540705,-47.481409643358,-21.858362505
3540754,-45.255974312882,-22.8406202063186
3540804,-49.3781831999027,-21.0450947210928
3540853,-51.0870772105069,-21.85192762073
3540903,-48.0655830220454,-21.358049011278
3541000,-46.4120495836124,-24.0030215
3541059,-48.6646855775175,-22.8114679844676
3541109,-49.4391492872367,-22.1036743192374
3541208,-51.557570191824,-22.0089907787558
3541307,-52.1152758269966,-21.768781995
3541406,-51.3867655819125,-22.1227435
3541505,-51.8402588050568,-21.875939505
3541604,-49.857735234791,-21.538867499355
3541653,-48.0526853360855,-23.3015749993138
3541703,-50.6979473893501,-22.2494047983716
3541802,-50.2409284561053,-21.7990944339574
3541901,-44.7784773100595,-22.5418444993312
3542008,-50.3115952429299,-22.0719198264169
3542107,-47.5311606809031,-23.0115563538873
3542206,-50.890211685938,-22.22845101
3542305,-45.5364956107389,-23.2726554993106
3542404,-51.3031489766821,-22.2202340929019
3542503,-49.2297976710518,-21.8867609385595
3542602,-47.841054751675,-24.4942514279999
3542701,-47.4830902374517,-20.6038028262709
3542800,-49.0083019947608,-24.6574894992839
3542909,-48.1777057541408,-22.06493466402
3543006,-48.7654774814823,-24.2202684575568
3543105,-47.5907050925335,-20.460660174376
3543204,-49.9341678147122,-22.7857347996783
3543238,-51.6006345171707,-21.8385000397492
3543253,-48.3670711559505,-24.101200310693
3543303,-46.4153443749185,-23.707423
3543402,-47.8054759155415,-21.1848345
3543501,-49.4366967189134,-23.8313350065799
3543600,-47.4291988991085,-20.0829324993908
3543709,-48.0723300667108,-21.5891894993576
3543808,-50.7248383216512,-21.7278909993504
3543907,-47.5635332384344,-22.4125115
3544004,-47.6044848861606,-22.8428607224999
3544103,-46.3936926739736,-23.744515
3544202,-49.681159102897,-19.9777343379654
3544251,-53.0586544794081,-22.5811754993051
3544301,-45.3093777870655,-22.8968185474924
3544400,-50.7269079994794,-21.3005239894596
3544509,-50.9974845550347,-20.1717745
3544608,-49.5808185602086,-21.460213833726
3544707,-50.9571547111781,-21.8811386706383
3544806,-49.4987686686201,-21.3444533768433
3544905,-47.8423493399248,-20.7778821519735
3545001,-45.847176929618,-23.5317929883978
3545100,-50.8606720042896,-21.6253627328395
3545159,-47.6782883887976,-22.8433674978233
3545209,-47.2924156290787,-23.2040738057971
3545308,-47.5746801202081,-23.6491322249999
3545407,-49.9810777589953,-22.8905072541939
3545506,-51.7599517360995,-22.4585417399963
3545605,-48.8059484186125,-21.24327
3545704,-50.7305643708393,-20.0307026219517
3545803,-47.4139547662303,-22.7553935
3546009,-45.8876482871122,-23.3957580348716
3546108,-50.9302211544636,-20.0913919359022
3546207,-47.4571636949973,-22.1276819650707
3546256,-47.4337805615268,-21.2911683770477
3546306,-47.249414421875,-21.827568
3546405,-49.6246088693009,-22.9057225
3546504,-48.3936499288618,-21.462921503003
3546603,-50.9267774238433,-20.211693165
3546702,-47.5307087162037,-22.4553269562963
3546801,-46.2270128418218,-23.3180885
3546900,-48.0853360131002,-21.6865678510772
3547007,-48.1590141415467,-22.5694102578227
3547106,-51.7589742421449,-21.3469107455922
3547205,-50.7984038446256,-20.2526022556705
3547304,-46.9220925056497,-23.449453
3547403,-50.8309473881775,-20.1418014734409
3547502,-47.4789808517864,-21.70714401
3547601,-47.3672689282942,-21.4852725
3547650,-50.688461881161,-20.2438451880186
3547700,-51.6498922117679,-21.97302102
3547809,-46.5308742576295,-23.65751
3547908,-47.1559309699915,-21.0899640290791
3548005,-46.9159099001221,-22.6047968522941
3548054,-50.4967350523279,-20.9324968425442
3548104,-46.6823066318305,-22.1185234999319
3548203,-45.6792788632616,-22.8311934022588
3548302,-51.3909209814133,-21.8468050512061
3548401,-50.5046924735537,-21.6393116638351
3548500,-46.3313708491907,-23.9337375
3548609,-45.7371389868924,-22.6852869533191
3548708,-46.5502572476783,-23.7103045
3548807,-46.5715146086306,-23.614705
3548906,-47.8892376846916,-22.0159985
3549003,-50.7000971572879,-20.3584138176091
3549102,-46.7963507817955,-21.972011
3549201,-50.3807219077481,-20.3887717266302
3549250,-50.3515975169017,-20.512615492076
3549300,-51.6666651611736,-21.2683639993615
3549409,-47.8632680707132,-20.583165555
3549508,-47.6409895014997,-20.5944195310987
3549607,-44.5783409613193,-22.6464898966297
3549706,-46.8882658895285,-21.5961025
3549805,-49.3813476850258,-20.8126365
3549904,-45.8841754014597,-23.1840615
3549953,-46.941749717394,-23.8490857160501
3550001,-45.3095445048095,-23.221871510221
3550100,-48.5687632812679,-22.736459985
3550209,-47.9955891463509,-23.87949
3550308,-46.5703831821127,-23.5673865
3550407,-47.9140329971131,-22.548888
3550506,-49.7414761629027,-22.7512564292451
3550605,-47.1354230127479,-23.530359
3550704,-45.4026801405439,-23.8066876521487
3550803,-46.8241276257913,-21.7084207919196
3550902,-47.5533525399834,-21.479723372164
3551009,-46.3844908173177,-23.967373
3551108,-47.8271959850447,-23.6415065707683
3551207,-49.4831286342664,-23.2744959258442
3551306,-49.9209224971392,-20.6568804993765
3551405,-47.563249920264,-21.3102876656623
3551504,-47.5977620963445,-21.209477985
3551603,-46.7017913807122,-22.6126935218595
3551702,-47.991148431,-21.137021505
3551801,-47.9272169634722,-24.3886037821879
3551900,-48.8015339794314,-20.8093857877632
3552007,-44.8489961031593,-22.6614243463512
3552106,-46.5292115917609,-22.5920299518995
3552205,-47.457853253204,-23.499323
3552304,-50.9205265590321,-20.6929434993756
3552403,-47.2658027320901,-22.822145
3552502,-46.3078104672882,-23.5368275
3552551,-51.0282225865129,-20.5033442669622
3552601,-49.0326214091866,-20.9576006760592
3552700,-48.6867876140156,-21.7325145
3552809,-46.7857800342102,-23.6233285
3552908,-51.284773424105,-22.388266261606
3553005,-49.4057711155675,-23.449814118588
3553104,-48.5119552220807,-21.1467362736078
3553203,-48.4539353422828,-21.1295562882791
3553302,-47.2716155130664,-21.703033
3553401,-49.6488201993718,-20.6251121361351
3553500,-47.5052882352036,-23.9731482667906
3553609,-46.7455152106835,-21.4718854023053
3553658,-48.4086549184105,-21.0726085
3553708,-48.5067421828536,-21.410008
3553807,-49.2440885383899,-23.5320605077168
3553856,-48.697328636962,-23.9192571496529
3553906,-51.5595725755547,-22.3016682954718
3553955,-50.5765651350867,-22.7447711942842
3554003,-47.8494640336609,-23.3485765
3554102,-45.5566086966874,-23.0265555
3554201,-49.3774419611386,-23.3405917462501
3554300,-52.1711948221637,-22.531007
3554409,-48.3415361372325,-20.7878416566548
3554508,-47.7114725279963,-23.097889485
3554607,-49.6035428949314,-23.2023633829603
3554656,-48.1982388398873,-23.2437695272621
3554706,-48.1721575851456,-22.4274936146981
3554755,-48.3401833937535,-22.0380736470599
3554805,-45.5507468823468,-22.9604152053932
3554904,-50.8848827854553,-20.228012803364
3554953,-46.6970238595325,-22.8147561551632
3555000,-50.5140064217229,-21.93482151
3555109,-51.5767205759711,-21.3863953176886
3555208,-50.1094417505193,-20.9502350891824
3555307,-50.4777294314793,-20.0512686173184
3555356,-49.719672394224,-21.1624709998002
3555406,-45.0720914754799,-23.4359649805169
3555505,-49.6632716655535,-22.5238354502071
3555604,-49.1776695349784,-20.9533463992657
3555703,-49.8973935791086,-20.8877689993708
3555802,-50.6418001540778,-20.2462640966701
3555901,-49.2832016013571,-21.7863136524377
3556008,-49.2907298494467,-21.2004188127347
3556107,-50.0858682817053,-20.4233702918776
3556206,-46.9966300275552,-22.971244
3556305,-50.8693081190398,-21.2255752828595
3556354,-46.4116002331355,-22.8848804238204
3556404,-46.8956089147522,-21.835866
3556453,-47.019647784074,-23.6153025
3556503,-46.8298902239177,-23.2144665
3556602,-49.8217816545761,-22.2247483148416
3556701,-46.9764763090797,-23.0305383241408
3556800,-48.2966628795998,-20.872314
3556909,-48.630171357211,-21.1671540847205
3556958,-50.4808069702363,-20.1987385744561
3557006,-47.4497380579827,-23.5418712059999
3557105,-49.9746720152067,-20.41947
3557154,-50.0557395184794,-21.0501104349718
3557204,-49.7139361486766,-23.0320056319212
3557303,-46.9536026904179,-22.2745889131265
