geocode,SE,casos,pop
3501608,202452,129,243674
3501608,202451,115,243674
3501608,202450,143,243674
3501608,202449,102,243674
3501608,202448,115,243674
3501608,202447,108,243674
3501608,202446,89,243674
3501608,202445,86,243674
3501608,202444,86,243674
3501608,202443,103,243674
3501608,202442,125,243674
3501608,202441,167,243674
3501608,202440,134,243674
3501608,202439,115,243674
3501608,202438,114,243674
3501608,202437,124,243674
3501608,202436,108,243674
3501608,202435,139,243674
3501608,202434,161,243674
3501608,202433,118,243674
3501608,202432,110,243674
3501608,202431,145,243674
3501608,202430,157,243674
3501608,202429,178,243674
3501608,202428,166,243674
3501608,202427,191,243674
3501608,202426,357,243674
3501608,202425,484,243674
3501608,202424,611,243674
3501608,202423,711,243674
3501608,202422,791,243674
3501608,202421,937,243674
3501608,202420,1120,243674
3501608,202419,1116,243674
3501608,202418,938,243674
3501608,202417,862,243674
3501608,202416,765,243674
3501608,202415,545,243674
3501608,202414,521,243674
3501608,202413,443,243674
3501608,202412,413,243674
3501608,202411,485,243674
3501608,202410,379,243674
3501608,202409,393,243674
3501608,202408,347,243674
3501608,202407,270,243674
3501608,202406,189,243674
3501608,202405,145,243674
3501608,202404,91,243674
3501608,202403,76,243674
3501608,202402,70,243674
3501608,202401,73,243674
3501608,202352,6,243674
3501608,202351,8,243674
3501608,202350,37,243674
3501608,202349,31,243674
3501608,202348,56,243674
3501608,202347,52,243674
3501608,202346,69,243674
3501608,202345,47,243674
3501608,202344,42,243674
3501608,202343,47,243674
3501608,202342,54,243674
3501608,202341,41,243674
3501608,202340,38,243674
3501608,202339,49,243674
3501608,202338,45,243674
3501608,202337,61,243674
3501608,202336,33,243674
3501608,202335,26,243674
3501608,202334,44,243674
3501608,202333,36,243674
3501608,202332,23,243674
3501608,202331,28,243674
3501608,202330,30,243674
3501608,202329,34,243674
3501608,202328,29,243674
3501608,202327,49,243674
3501608,202326,42,243674
3501608,202325,67,243674
3501608,202324,53,243674
3501608,202323,70,243674
3501608,202322,79,243674
3501608,202321,88,243674
3501608,202320,145,243674
3501608,202319,170,243674
3501608,202318,217,243674
3501608,202317,200,243674
3501608,202316,200,243674
3501608,202315,242,243674
3501608,202314,175,243674
3501608,202313,168,243674
3501608,202312,143,243674
3501608,202311,94,243674
3501608,202310,59,243674
3501608,202309,57,243674
3501608,202308,34,243674
3501608,202307,29,243674
3501608,202306,33,243674
3501608,202305,21,242018
3501608,202304,42,242018
3501608,202303,28,242018
3501608,202302,16,242018
3501608,202301,16,242018
3501608,202252,3,242018
3501608,202251,2,242018
3501608,202250,0,242018
3501608,202249,5,242018
3501608,202248,16,242018
3501608,202247,30,242018
3501608,202246,33,242018
3501608,202245,20,242018
3501608,202244,23,242018
3501608,202243,25,242018
3501608,202242,35,242018
3501608,202241,34,242018
3501608,202240,24,242018
3501608,202239,17,242018
3501608,202238,29,242018
3501608,202237,24,242018
3501608,202236,33,242018
3501608,202235,28,242018
3501608,202234,20,242018
3501608,202233,36,242018
3501608,202232,19,242018
3501608,202231,29,242018
3501608,202230,35,242018
3501608,202229,41,242018
3501608,202228,44,242018
3501608,202227,42,242018
3501608,202226,51,242018
3501608,202225,94,242018
3501608,202224,86,242018
3501608,202223,121,242018
3501608,202222,159,242018
3501608,202221,224,242018
3501608,202220,367,242018
3501608,202219,603,242018
3501608,202218,878,242018
3501608,202217,655,242018
3501608,202216,764,242018
3501608,202215,687,242018
3501608,202214,610,242018
3501608,202213,661,242018
3501608,202212,538,242018
3501608,202211,310,242018
3501608,202210,191,242018
3501608,202209,135,242018
3501608,202208,63,242018
3501608,202207,59,242018
3501608,202206,47,242018
3501608,202205,38,242018
3501608,202204,30,242018
3501608,202203,32,242018
3501608,202202,45,242018
3501608,202201,46,242018
3501608,202152,0,242018
3501608,202151,5,242018
3501608,202150,26,242018
3501608,202149,46,242018
3501608,202148,37,242018
3501608,202147,26,242018
3501608,202146,29,242018
3501608,202145,21,242018
3501608,202144,27,242018
3501608,202143,20,242018
3501608,202142,16,242018
3501608,202141,26,242018
3501608,202140,21,242018
3501608,202139,19,242018
3501608,202138,19,242018
3501608,202137,24,242018
3501608,202136,20,242018
3501608,202135,17,242018
3501608,202134,11,242018
3501608,202133,11,242018
3501608,202132,11,242018
3501608,202131,9,242018
3501608,202130,10,242018
3501608,202129,16,242018
3501608,202128,12,242018
3501608,202127,13,242018
3501608,202126,11,242018
3501608,202125,22,242018
3501608,202124,29,242018
3501608,202123,18,242018
3501608,202122,32,242018
3501608,202121,47,242018
3501608,202120,48,242018
3501608,202119,53,242018
3501608,202118,73,242018
3501608,202117,82,242018
3501608,202116,108,242018
3501608,202115,133,242018
3501608,202114,105,242018
3501608,202113,74,242018
3501608,202112,49,242018
3501608,202111,40,242018
3501608,202110,48,242018
3501608,202109,41,242018
3501608,202108,40,242018
3501608,202107,35,242018
3501608,202106,25,242018
3501608,202105,27,242018
3501608,202104,17,242018
3501608,202103,13,242018
3501608,202102,17,242018
3501608,202101,18,242018
3501608,202053,5,242018
3501608,202052,9,242018
3501608,202051,5,242018
3501608,202050,10,242018
3501608,202049,7,242018
3501608,202048,4,242018
3501608,202047,13,242018
3501608,202046,24,242018
3501608,202045,10,242018
3501608,202044,13,242018
3501608,202043,14,242018
3501608,202042,16,242018
3501608,202041,22,242018
3501608,202040,21,242018
3501608,202039,23,242018
3501608,202038,19,242018
3501608,202037,27,242018
3501608,202036,24,242018
3501608,202035,21,242018
3501608,202034,17,242018
3501608,202033,21,242018
3501608,202032,31,242018
3501608,202031,33,242018
3501608,202030,25,242018
3501608,202029,27,242018
3501608,202028,48,242018
3501608,202027,49,242018
3501608,202026,55,242018
3501608,202025,51,242018
3501608,202024,76,242018
3501608,202023,71,242018
3501608,202022,52,242018
3501608,202021,42,242018
3501608,202020,60,242018
3501608,202019,78,242018
3501608,202018,76,242018
3501608,202017,87,242018
3501608,202016,85,242018
3501608,202015,84,242018
3501608,202014,61,242018
3501608,202013,77,242018
3501608,202012,76,242018
3501608,202011,127,242018
3501608,202010,153,242018
3501608,202009,100,242018
3501608,202008,104,242018
3501608,202007,110,242018
3501608,202006,65,242018
3501608,202005,43,242018
3501608,202004,56,242018
3501608,202003,42,242018
3501608,202002,36,242018
3501608,202001,23,242018
3501608,201952,9,242018
3501608,201951,16,242018
3501608,201950,6,242018
3501608,201949,10,242018
3501608,201948,4,242018
3501608,201947,6,242018
3501608,201946,3,242018
3501608,201945,7,242018
3501608,201944,6,242018
3501608,201943,8,242018
3501608,201942,4,242018
3501608,201941,3,242018
3501608,201940,8,242018
3501608,201939,0,242018
3501608,201938,8,242018
3501608,201937,3,242018
3501608,201936,2,242018
3501608,201935,0,242018
3501608,201934,2,242018
3501608,201933,3,242018
3501608,201932,4,242018
3501608,201931,7,242018
3501608,201930,3,242018
3501608,201929,7,242018
3501608,201928,12,242018
3501608,201927,20,242018
3501608,201926,61,242018
3501608,201925,42,242018
3501608,201924,91,242018
3501608,201923,135,242018
3501608,201922,225,242018
3501608,201921,331,242018
3501608,201920,649,242018
3501608,201919,779,242018
3501608,201918,599,242018
3501608,201917,505,242018
3501608,201916,625,242018
3501608,201915,652,242018
3501608,201914,581,242018
3501608,201913,549,242018
3501608,201912,489,242018
3501608,201911,324,242018
3501608,201910,213,242018
3501608,201909,110,242018
3501608,201908,58,242018
3501608,201907,51,242018
3501608,201906,30,242018
3501608,201905,15,242018
3501608,201904,14,242018
3501608,201903,7,242018
3501608,201902,10,242018
3501608,201901,6,242018
3501608,201852,3,242018
3501608,201851,5,242018
3501608,201850,3,242018
3501608,201849,0,242018
3501608,201848,6,242018
3501608,201847,2,242018
3501608,201846,0,242018
3501608,201845,0,242018
3501608,201844,3,242018
3501608,201843,2,242018
3501608,201842,1,242018
3501608,201841,2,242018
3501608,201840,2,242018
3501608,201839,1,242018
3501608,201838,0,242018
3501608,201837,0,242018
3501608,201836,0,242018
3501608,201835,3,242018
3501608,201834,2,242018
3501608,201833,3,242018
3501608,201832,1,242018
3501608,201831,1,242018
3501608,201830,6,242018
3501608,201829,2,242018
3501608,201828,1,242018
3501608,201827,6,242018
3501608,201826,6,242018
3501608,201825,3,242018
3501608,201824,4,242018
3501608,201823,5,242018
3501608,201822,4,242018
3501608,201821,7,242018
3501608,201820,7,242018
3501608,201819,9,242018
3501608,201818,7,242018
3501608,201817,4,242018
3501608,201816,6,242018
3501608,201815,2,242018
3501608,201814,5,242018
3501608,201813,1,242018
3501608,201812,2,242018
3501608,201811,4,242018
3501608,201810,5,242018
3501608,201809,6,242018
3501608,201808,2,242018
3501608,201807,1,242018
3501608,201806,2,242018
3501608,201805,8,242018
3501608,201804,8,242018
3501608,201803,17,242018
3501608,201802,4,242018
3501608,201801,5,242018
3501608,201752,3,242018
3501608,201751,3,242018
3501608,201750,3,242018
3501608,201749,2,242018
3501608,201748,1,242018
3501608,201747,5,242018
3501608,201746,2,242018
3501608,201745,7,242018
3501608,201744,1,242018
3501608,201743,3,242018
3501608,201742,11,242018
3501608,201741,10,242018
3501608,201740,7,242018
3501608,201739,12,242018
3501608,201738,4,242018
3501608,201737,4,242018
3501608,201736,10,242018
3501608,201735,5,242018
3501608,201734,2,242018
3501608,201733,3,242018
3501608,201732,5,242018
3501608,201731,2,242018
3501608,201730,7,242018
3501608,201729,3,242018
3501608,201728,8,242018
3501608,201727,7,242018
3501608,201726,7,242018
3501608,201725,14,242018
3501608,201724,9,242018
3501608,201723,15,242018
3501608,201722,16,242018
3501608,201721,28,242018
3501608,201720,19,242018
3501608,201719,20,242018
3501608,201718,23,242018
3501608,201717,7,242018
3501608,201716,12,242018
3501608,201715,9,242018
3501608,201714,8,242018
3501608,201713,9,242018
3501608,201712,29,242018
3501608,201711,41,242018
3501608,201710,35,242018
3501608,201709,33,242018
3501608,201708,36,242018
3501608,201707,46,242018
3501608,201706,53,242018
3501608,201705,37,242018
3501608,201704,24,242018
3501608,201703,25,242018
3501608,201702,30,242018
3501608,201701,46,242018
3501608,201652,53,242018
3501608,201651,31,242018
3501608,201650,29,242018
3501608,201649,45,242018
3501608,201648,37,242018
3501608,201647,23,242018
3501608,201646,19,242018
3501608,201645,28,242018
3501608,201644,20,242018
3501608,201643,13,242018
3501608,201642,26,242018
3501608,201641,17,242018
3501608,201640,7,242018
3501608,201639,10,242018
3501608,201638,6,242018
3501608,201637,4,242018
3501608,201636,2,242018
3501608,201635,0,242018
3501608,201634,3,242018
3501608,201633,5,242018
3501608,201632,5,242018
3501608,201631,2,242018
3501608,201630,9,242018
3501608,201629,14,242018
3501608,201628,13,242018
3501608,201627,11,242018
3501608,201626,15,242018
3501608,201625,11,242018
3501608,201624,4,242018
3501608,201623,0,242018
3501608,201622,13,242018
3501608,201621,12,242018
3501608,201620,27,242018
3501608,201619,57,242018
3501608,201618,64,242018
3501608,201617,86,242018
3501608,201616,70,242018
3501608,201615,101,242018
3501608,201614,131,242018
3501608,201613,128,242018
3501608,201612,156,242018
3501608,201611,215,242018
3501608,201610,231,242018
3501608,201609,257,242018
3501608,201608,198,242018
3501608,201607,215,242018
3501608,201606,161,242018
3501608,201605,101,242018
3501608,201604,70,242018
3501608,201603,43,242018
3501608,201602,33,242018
3501608,201601,31,242018
3501608,201552,12,242018
3501608,201551,12,242018
3501608,201550,11,242018
3501608,201549,26,242018
3501608,201548,12,242018
3501608,201547,8,242018
3501608,201546,7,242018
3501608,201545,8,242018
3501608,201544,8,242018
3501608,201543,12,242018
3501608,201542,7,242018
3501608,201541,4,242018
3501608,201540,6,242018
3501608,201539,3,242018
3501608,201538,3,242018
3501608,201537,1,242018
3501608,201536,2,242018
3501608,201535,4,242018
3501608,201534,1,242018
3501608,201533,1,242018
3501608,201532,6,242018
3501608,201531,6,242018
3501608,201530,19,242018
3501608,201529,18,242018
3501608,201528,19,242018
3501608,201527,20,242018
3501608,201526,49,242018
3501608,201525,47,242018
3501608,201524,92,242018
3501608,201523,85,242018
3501608,201522,160,242018
3501608,201521,206,242018
3501608,201520,396,242018
3501608,201519,527,242018
3501608,201518,670,242018
3501608,201517,1025,242018
3501608,201516,1023,242018
3501608,201515,1174,242018
3501608,201514,1073,242018
3501608,201513,976,242018
3501608,201512,1287,242018
3501608,201511,1052,242018
3501608,201510,891,242018
3501608,201509,789,242018
3501608,201508,326,242018
3501608,201507,221,242018
3501608,201506,168,242018
3501608,201505,170,242018
3501608,201504,97,242018
3501608,201503,52,242018
3501608,201502,41,242018
3501608,201501,33,242018
